Workbook

Sheet Feuil1
A1: Nom | B1: Région | C1: Mois | D1: CA réalisé (€) | E1: Objectif CA (€) | F1: Nb deals closés | G1: Nb prospects contactés | H1: Taux de conversion | I1: Panier moyen (€)
A2: Dupont | B2: Nord | C2: Janvier | D2: 45000 | E2: 50000 | F2: 12 | G2: 85 | H2: =F2/G2*100 -> 14.117647 | I2: =D2/F2 -> 3750
A3: Martin | B3: Sud | C3: Janvier | D3: 52000 | E3: 48000 | F3: 15 | G3: 92 | H3: =F3/G3*100 -> 16.304348 | I3: =D3/F3 -> 3466.6667
A4: Bernard | B4: Ouest | C4: Janvier | D4: 38000 | E4: 45000 | F4: 10 | G4: 78 | H4: =F4/G4*100 -> 12.820513 | I4: =D4/F4 -> 3800
A5: Leroy | B5: Est | C5: Janvier | D5: 47000 | E5: 50000 | F5: 13 | G5: 88 | H5: =F5/G5*100 -> 14.772727 | I5: =D5/F5 -> 3615.3846
A6: Moreau | B6: Nord | C6: Janvier | D6: 55000 | E6: 52000 | F6: 16 | G6: 95 | H6: =F6/G6*100 -> 16.842105 | I6: =D6/F6 -> 3437.5
A7: Petit | B7: Sud | C7: Janvier | D7: 32000 | E7: 40000 | F7: 8 | G7: 70 | H7: =F7/G7*100 -> 11.428571 | I7: =D7/F7 -> 4000
A8: Robert | B8: Ouest | C8: Janvier | D8: 41000 | E8: 42000 | F8: 11 | G8: 82 | H8: =F8/G8*100 -> 13.414634 | I8: =D8/F8 -> 3727.2727
A9: Simon | B9: Est | C9: Janvier | D9: 49000 | E9: 47000 | F9: 14 | G9: 90 | H9: =F9/G9*100 -> 15.555556 | I9: =D9/F9 -> 3500
A10: Dupont | B10: Nord | C10: Février | D10: 48000 | E10: 50000 | F10: 14 | G10: 90 | H10: =F10/G10*100 -> 15.555556 | I10: =D10/F10 -> 3428.5714
A11: Martin | B11: Sud | C11: Février | D11: 46000 | E11: 48000 | F11: 12 | G11: 85 | H11: =F11/G11*100 -> 14.117647 | I11: =D11/F11 -> 3833.3333
A12: Bernard | B12: Ouest | C12: Février | D12: 42000 | E12: 45000 | F12: 11 | G12: 80 | H12: =F12/G12*100 -> 13.75 | I12: =D12/F12 -> 3818.1818
A13: Leroy | B13: Est | C13: Février | D13: 51000 | E13: 50000 | F13: 15 | G13: 93 | H13: =F13/G13*100 -> 16.129032 | I13: =D13/F13 -> 3400
... A33: Simon | B33: Est | C33: Avril | D33: 58000 | E33: 47000 | F33: 18 | G33: 99 | H33: =F33/G33*100 -> 18.181818 | I33: =D33/F33 -> 3222.2222

Sheet Feuil2
A1: TABLEAU DE BORD COMMERCIAL - 2024
A2: Nom | B2: CA Total Réalisé | C2: CA Total Objectif | D2: Taux Atteinte (%) | E2: Deals Total | F2: Taux Conv. Moyen (%)
A3: Dupont | B3: =SUMIFS(Feuil1!D:D,Feuil1!A:A,A3) -> 198000 | C3: =SUMIFS(Feuil1!E:E,Feuil1!A:A,A3) -> 200000 | D3: =IF(C3>0,B3/C3*100,0) -> 99 | E3: =SUMIFS(Feuil1!F:F,Feuil1!A:A,A3) -> 57 | F3: =SUMIFS(Feuil1!H:H,Feuil1!A:A,A3) -> 62.998827
A4: Martin | B4: =SUMIFS(Feuil1!D:D,Feuil1!A:A,A4) -> 198000 | C4: =SUMIFS(Feuil1!E:E,Feuil1!A:A,A4) -> 192000 | D4: =IF(C4>0,B4/C4*100,0) -> 103.125 | E4: =SUMIFS(Feuil1!F:F,Feuil1!A:A,A4) -> 54 | F4: =SUMIFS(Feuil1!H:H,Feuil1!A:A,A4) -> 60.750278
A5: Bernard | B5: =SUMIFS(Feuil1!D:D,Feuil1!A:A,A5) -> 173000 | C5: =SUMIFS(Feuil1!E:E,Feuil1!A:A,A5) -> 180000 | D5: =IF(C5>0,B5/C5*100,0) -> 96.111111 | E5: =SUMIFS(Feuil1!F:F,Feuil1!A:A,A5) -> 46 | F5: =SUMIFS(Feuil1!H:H,Feuil1!A:A,A5) -> 56.498777
A6: Leroy | B6: =SUMIFS(Feuil1!D:D,Feuil1!A:A,A6) -> 207000 | C6: =SUMIFS(Feuil1!E:E,Feuil1!A:A,A6) -> 200000 | D6: =IF(C6>0,B6/C6*100,0) -> 103.5 | E6: =SUMIFS(Feuil1!F:F,Feuil1!A:A,A6) -> 61 | F6: =SUMIFS(Feuil1!H:H,Feuil1!A:A,A6) -> 65.452198
A7: Moreau | B7: =SUMIFS(Feuil1!D:D,Feuil1!A:A,A7) -> 224000 | C7: =SUMIFS(Feuil1!E:E,Feuil1!A:A,A7) -> 208000 | D7: =IF(C7>0,B7/C7*100,0) -> 107.69231 | E7: =SUMIFS(Feuil1!F:F,Feuil1!A:A,A7) -> 65 | F7: =SUMIFS(Feuil1!H:H,Feuil1!A:A,A7) -> 68.098135
A8: Petit | B8: =SUMIFS(Feuil1!D:D,Feuil1!A:A,A8) -> 145000 | C8: =SUMIFS(Feuil1!E:E,Feuil1!A:A,A8) -> 160000 | D8: =IF(C8>0,B8/C8*100,0) -> 90.625 | E8: =SUMIFS(Feuil1!F:F,Feuil1!A:A,A8) -> 38 | F8: =SUMIFS(Feuil1!H:H,Feuil1!A:A,A8) -> 51.364469
A9: Roux | B9: =SUMIFS(Feuil1!D:D,Feuil1!A:A,A9) -> 0 | C9: =SUMIFS(Feuil1!E:E,Feuil1!A:A,A9) -> 0 | D9: =IF(C9>0,B9/C9*100,0) -> 0 | E9: =SUMIFS(Feuil1!F:F,Feuil1!A:A,A9) -> 0 | F9: =SUMIFS(Feuil1!H:H,Feuil1!A:A,A9) -> 0
A10: Garcia | B10: =SUMIFS(Feuil1!D:D,Feuil1!A:A,A10) -> 0 | C10: =SUMIFS(Feuil1!E:E,Feuil1!A:A,A10) -> 0 | D10: =IF(C10>0,B10/C10*100,0) -> 0 | E10: =SUMIFS(Feuil1!F:F,Feuil1!A:A,A10) -> 0 | F10: =SUMIFS(Feuil1!H:H,Feuil1!A:A,A10) -> 0
A12: Analyse par Région
A13: Région | B13: CA Total Réalisé | C13: CA Total Objectif | D13: Taux Atteinte | E13: Nb Deals Total | F13: Taux Conv. Moyen
A14: Nord | B14: =SUMIFS(Feuil1!$D$2:$D$33,Feuil1!$B$2:$B$33,A14) -> 422000 | C14: =SUMIFS(Feuil1!$E$2:$E$33,Feuil1!$B$2:$B$33,A14) -> 408000 | D14: =IFERROR(B14/C14,0) -> 1.0343137 | E14: =SUMIFS(Feuil1!$G$2:$G$33,Feuil1!$B$2:$B$33,A14) -> 742 | F14: =AVERAGEIFS(Feuil1!$H$2:$H$33,Feuil1!$B$2:$B$33,A14) -> 16.38712
A15: Sud | B15: =SUMIFS(Feuil1!$D$2:$D$33,Feuil1!$B$2:$B$33,A15) -> 343000 | C15: =SUMIFS(Feuil1!$E$2:$E$33,Feuil1!$B$2:$B$33,A15) -> 352000 | D15: =IFERROR(B15/C15,0) -> 0.97443182 | E15: =SUMIFS(Feuil1!$G$2:$G$33,Feuil1!$B$2:$B$33,A15) -> 650 | F15: =AVERAGEIFS(Feuil1!$H$2:$H$33,Feuil1!$B$2:$B$33,A15) -> 14.014343
A16: Est | B16: =SUMIFS(Feuil1!$D$2:$D$33,Feuil1!$B$2:$B$33,A16) -> 422000 | C16: =SUMIFS(Feuil1!$E$2:$E$33,Feuil1!$B$2:$B$33,A16) -> 388000 | D16: =IFERROR(B16/C16,0) -> 1.0876289 | E16: =SUMIFS(Feuil1!$G$2:$G$33,Feuil1!$B$2:$B$33,A16) -> 753 | F16: =AVERAGEIFS(Feuil1!$H$2:$H$33,Feuil1!$B$2:$B$33,A16) -> 16.694681
A17: Ouest | B17: =SUMIFS(Feuil1!$D$2:$D$33,Feuil1!$B$2:$B$33,A17) -> 353000 | C17: =SUMIFS(Feuil1!$E$2:$E$33,Feuil1!$B$2:$B$33,A17) -> 348000 | D17: =IFERROR(B17/C17,0) -> 1.0143678 | E17: =SUMIFS(Feuil1!$G$2:$G$33,Feuil1!$B$2:$B$33,A17) -> 665 | F17: =AVERAGEIFS(Feuil1!$H$2:$H$33,Feuil1!$B$2:$B$33,A17) -> 14.403062
A19: Évolution Mensuelle
A20: Mois | B20: CA Réalisé | C20: CA Objectif | D20: Taux Atteinte | E20: Deals Closés | F20: Taux Conv. Moyen
A21: Janvier | B21: =SUMIFS(Feuil1!$D$2:$D$33,Feuil1!$C$2:$C$33,"Janvier") -> 359000 | C21: =SUMIFS(Feuil1!$E$2:$E$33,Feuil1!$C$2:$C$33,"Janvier") -> 374000 | D21: =IFERROR(B21/C21,0) -> 0.95989305 | E21: =SUMIFS(Feuil1!$F$2:$F$33,Feuil1!$C$2:$C$33,"Janvier") -> 99 | F21: =SUMIFS(Feuil1!H:H,Feuil1!C:C,"Janvier")/COUNTIF(Feuil1!C:C,"Janvier") -> 14.407013 | G21: =AVERAGEIFS(Feuil1!$G$2:$G$33,Feuil1!$C$2:$C$33,"Janvier") -> 85
A22: Février | B22: =SUMIFS(Feuil1!$D$2:$D$33,Feuil1!$C$2:$C$33,"Février") -> 369000 | C22: =SUMIFS(Feuil1!$E$2:$E$33,Feuil1!$C$2:$C$33,"Février") -> 374000 | D22: =IFERROR(B22/C22,0) -> 0.98663102 | E22: =SUMIFS(Feuil1!$F$2:$F$33,Feuil1!$C$2:$C$33,"Février") -> 103 | F22: =SUMIFS(Feuil1!H:H,Feuil1!C:C,"Février")/COUNTIF(Feuil1!C:C,"Février") -> 14.886143 | G22: =AVERAGEIFS(Feuil1!$G$2:$G$33,Feuil1!$C$2:$C$33,"Février") -> 85.875
A23: Mars | B23: =SUMIFS(Feuil1!$D$2:$D$33,Feuil1!$C$2:$C$33,"Mars") -> 395000 | C23: =SUMIFS(Feuil1!$E$2:$E$33,Feuil1!$C$2:$C$33,"Mars") -> 374000 | D23: =IFERROR(B23/C23,0) -> 1.0561497 | E23: =SUMIFS(Feuil1!$F$2:$F$33,Feuil1!$C$2:$C$33,"Mars") -> 113 | F23: =SUMIFS(Feuil1!H:H,Feuil1!C:C,"Mars")/COUNTIF(Feuil1!C:C,"Mars") -> 15.734456 | G23: =AVERAGEIFS(Feuil1!$G$2:$G$33,Feuil1!$C$2:$C$33,"Mars") -> 89.125
A24: Avril | B24: =SUMIFS(Feuil1!$D$2:$D$33,Feuil1!$C$2:$C$33,"Avril") -> 417000 | C24: =SUMIFS(Feuil1!$E$2:$E$33,Feuil1!$C$2:$C$33,"Avril") -> 374000 | D24: =IFERROR(B24/C24,0) -> 1.1149733 | E24: =SUMIFS(Feuil1!$F$2:$F$33,Feuil1!$C$2:$C$33,"Avril") -> 121 | F24: =SUMIFS(Feuil1!H:H,Feuil1!C:C,"Avril")/COUNTIF(Feuil1!C:C,"Avril") -> 16.471595 | G24: =AVERAGEIFS(Feuil1!$G$2:$G$33,Feuil1!$C$2:$C$33,"Avril") -> 91.25

Sheet Feuil3
A1: Nom | B1: CA Total Réalisé | C1: CA Total Objectif | E1: Mois | F1: CA Total
A2: Martin | B2: =SUMIFS(Feuil1!D:D,Feuil1!A:A,A2) -> 198000 | C2: =SUMIFS(Feuil1!E:E,Feuil1!A:A,A2) -> 192000 | E2: Janvier | F2: =SUMIFS(Feuil1!D:D,Feuil1!C:C,"Janvier") -> 359000
A3: Dupont | B3: =SUMIFS(Feuil1!D:D,Feuil1!A:A,A3) -> 198000 | C3: =SUMIFS(Feuil1!E:E,Feuil1!A:A,A3) -> 200000 | E3: Février | F3: =SUMIFS(Feuil1!D:D,Feuil1!C:C,"Février") -> 369000
A4: Bernard | B4: =SUMIFS(Feuil1!D:D,Feuil1!A:A,A4) -> 173000 | C4: =SUMIFS(Feuil1!E:E,Feuil1!A:A,A4) -> 180000 | E4: Mars | F4: =SUMIFS(Feuil1!D:D,Feuil1!C:C,"Mars") -> 395000
A5: Petit | B5: =SUMIFS(Feuil1!D:D,Feuil1!A:A,A5) -> 145000 | C5: =SUMIFS(Feuil1!E:E,Feuil1!A:A,A5) -> 160000 | E5: Avril | F5: =SUMIFS(Feuil1!D:D,Feuil1!C:C,"Avril") -> 417000
A6: Durand | B6: =SUMIFS(Feuil1!D:D,Feuil1!A:A,A6) -> 0 | C6: =SUMIFS(Feuil1!E:E,Feuil1!A:A,A6) -> 0
A7: Leroy | B7: =SUMIFS(Feuil1!D:D,Feuil1!A:A,A7) -> 207000 | C7: =SUMIFS(Feuil1!E:E,Feuil1!A:A,A7) -> 200000
A8: Moreau | B8: =SUMIFS(Feuil1!D:D,Feuil1!A:A,A8) -> 224000 | C8: =SUMIFS(Feuil1!E:E,Feuil1!A:A,A8) -> 208000
A9: Simon | B9: =SUMIFS(Feuil1!D:D,Feuil1!A:A,A9) -> 215000 | C9: =SUMIFS(Feuil1!E:E,Feuil1!A:A,A9) -> 188000
